x,y,Temp,Angle
79,37,54.985352,2.824584
286,180,85.337348,1.570188
97,47,57.624656,2.736864
106,53,58.944308,2.684232
86,41,56.011748,2.789496
115,59,60.26396,2.6316
126,64,61.876868,2.58774
138,71,63.636404,2.526336
143,74,64.369544,2.50002
149,79,65.249312,2.45616
156,81,66.275708,2.438616
161,87,67.008848,2.385984
170,92,68.3285,2.342124
179,98,69.648152,2.289492
187,102,70.821176,2.254404
193,107,71.700944,2.210544
201,110,72.873968,2.184228
206,116,73.607108,2.131596
213,121,74.633504,2.087736
221,125,75.806528,2.052648
228,131,76.832924,2.000016
235,137,77.85932,1.947384
243,144,79.032344,1.88598
250,148,80.05874,1.850892
259,156,81.378392,1.780716
270,164,82.9913,1.71054
277,172,84.017696,1.640364
292,186,86.217116,1.517556
297,191,86.950256,1.473696
301,196,87.536768,1.429836
306,200,88.269908,1.394748
309,207,88.709792,1.333344
315,212,89.58956,1.289484
319,217,90.176072,1.245624
324,224,90.909212,1.18422
329,230,91.642352,1.131588
335,236,92.52212,1.078956
338,242,92.962004,1.026324
341,246,93.401888,0.991236
345,251,93.9884,0.947376
348,259,94.428284,0.8772
351,264,94.868168,0.83334
356,270,95.601308,0.780708
359,278,96.041192,0.710532
361,285,96.334448,0.649128
365,292,96.92096,0.587724
367,298,97.214216,0.535092
370,308,97.6541,0.447372
375,322,98.38724,0.324564
376,332,98.533868,0.236844
378,340,98.827124,0.166668
378,347,98.827124,0.105264
379,355,98.973752,0.035088
372,314,97.947356,0.39474
